{
  "items": [
    {
      "groupid": "custom",
      "urlOrPath": "",
      "remark": "Custom",
      "editAble": true,
      "groups": [
        {
          "groupid": "custom",
          "name": "Ads",
          "type": "",
          "or": true,
          "domain_suffix": [
            "doubleclick.net",
            "googleadservices.com",
            "googlesyndication.com",
            "googletagservices.com",
            "googletagmanager.com",
            "g.doubleclick.net",
            "adnxs.com",
            "rubiconproject.com",
            "pubmatic.com",
            "openx.net",
            "criteo.com",
            "criteo.net",
            "taboola.com",
            "outbrain.com",
            "serving-sys.com",
            "adform.net",
            "adroll.com",
            "moatads.com",
            "media.net",
            "quantserve.com",
            "scorecardresearch.com",
            "zedo.com",
            "mathtag.com",
            "bidswitch.net",
            "3lift.com",
            "teads.tv",
            "spotx.tv",
            "imrworldwide.com",
            "bluekai.com",
            "contextweb.com",
            "yieldmo.com",
            "lijit.com",
            "gumgum.com",
            "smartadserver.com",
            "adcolony.com",
            "inmobi.com",
            "kochava.com",
            "branch.io",
            "appsflyer.com",
            "appsflyersdk.com",
            "adjust.com",
            "amazon-adsystem.com",
            "aaxads.com",
            "trustx.org",
            "quantcount.com",
            "eyeota.net",
            "tapad.com",
            "adsafeprotected.com",
            "advertising.com"
          ],
          "domain": [
            "ads.google.com",
            "pagead2.googlesyndication.com",
            "g.doubleclick.net",
            "unityads.unity3d.com"
          ],
          "domain_keyword": [
            "ads",
            "adserver",
            "advert",
            "admob",
            "adsystem",
            "doubleclick",
            "sponsor",
            "promo",
            "beacon",
            "pixel",
            "tracking",
            "trk"
          ],
          "domain_regex": [
            "(?i)(?:^|\\.)ad[sx]?[0-9-]*(?:\\.|-)",
            "(?i)(?:^|\\.)(?:adserver|advert|banner|sponsor|promo)[0-9-]*(?:\\.|-)",
            "(?i)(?:^|\\.)track(?:ing)?[0-9-]*(?:\\.|-)",
            "(?i)(?:^|\\.)pixel[0-9-]*(?:\\.|-)",
            "(?i)(?:^|\\.)beacon[0-9-]*(?:\\.|-)"
          ]
        },
        {
          "groupid": "custom",
          "name": "bbb",
          "type": "",
          "or": true,
          "domain_suffix": [
            "krungthai.com",
            "ktb.co.th",
            "kbank.co.th",
            "scb.co.th",
            "krungsri.com",
            "bangkokbank.com",
            "app-measurement.com",
            "bbl.co.th",
            "ttb.co.th",
            "kkp.co.th",
            "tisco.co.th",
            "truemoney.com",
            "tmn.app",
            "scb.co",
            "kbank.co",
            "bbl.co",
            "gstatic.com",
            "firebasedatabase.app",
            "firebaseapp.com",
            "firebaseio.com",
            "firebaseremoteconfig.googleapis.com",
            "crashlyticsreports-pa.googleapis.com",
            "mymocdn.com"
          ],
          "domain": [
            "api.newnext.krungthai.com",
            "api.ktb.co.th",
            "api.kasikornbank.co.th",
            "kasikornbanklifestyle.com",
            "kasikornbankpubliccompany.sc.omtrdc.net",
            "mymo.gsb.or.th",
            "crashlyticsreports-pa.googleapis.com",
            "rt10.kasikornbank.com",
            "mtalk.google.com",
            "s-gke-apse1-nssi1-6.asia-southeast1.firebasedatabase.app",
            "www.mymocdn.com",
            "firebaseremoteconfig.googleapis.com"
          ],
          "domain_keyword": [
            "scb",
            "kbank",
            "ktb",
            "ttb",
            "gsb",
            "mymo",
            "krungthai",
            "kasikorn",
            "kasikornbank",
            "bangkokbank",
            "bbl",
            "krungsri",
            "kkp",
            "tisco",
            "truemoney",
            "tmn",
            "truewallet",
            "uob",
            "cimb",
            "lh",
            "icbc",
            "wallet",
            "kma",
            "kkpmobile",
            "tmbtouch",
            "next",
            "bank",
            "firebase",
            "firestore",
            "crashlytics",
            "api-project"
          ],
          "domain_regex": [
            "(?i)(?:^|\\.)(?:scb|kbank|ktb|ttb|gsb|mymo|krungthai|kasikorn|kasikornbank|bangkokbank|bbl|krungsri|kkp|tisco|truemoney|tmn|truewallet|firebase|firestore|crashlytics)(?:\\.|$)"
          ],
          "port": [
            20443
          ]
        },
        {
          "groupid": "custom",
          "name": "bank",
          "type": "",
          "or": false,
          "domain_keyword": [
            "gsb"
          ],
          "rule_set": [
            "https://raw.githubusercontent.com/lnw007xyz/File/main/singbox_1.6.1_rules_only.json"
          ]
        },
        {
          "groupid": "custom",
          "name": "Gaming",
          "type": "",
          "or": true,
          "domain_suffix": [
            "garena.com",
            "garena.co.th",
            "rov.in.th",
            "rov.garena.in.th",
            "aov.garena.com",
            "pubgmobile.com",
            "igamecj.com",
            "riotgames.com",
            "leagueoflegends.com",
            "riotcdn.net",
            "tftactics.gg",
            "steampowered.com",
            "steamcontent.com",
            "steamstatic.com",
            "steamcommunity.com",
            "roblox.com",
            "rbxcdn.com"
          ],
          "domain": [
            "rov.garena.in.th",
            "aov.garena.com",
            "api.garena.com",
            "pubgmobile.com",
            "igamecj.com",
            "riotgames.com",
            "leagueoflegends.com",
            "riotcdn.net",
            "tftactics.gg",
            "steampowered.com",
            "steamcontent.com",
            "steamstatic.com",
            "steamcommunity.com",
            "roblox.com",
            "rbxcdn.com"
          ],
          "domain_keyword": [
            "rov",
            "garena",
            "aov",
            "pubg",
            "battlegrounds",
            "igamecj",
            "mlbb",
            "mobilelegends",
            "riot",
            "lol",
            "leagueoflegends",
            "tft",
            "riotcdn",
            "steam",
            "steampowered",
            "steamcontent",
            "steamstatic",
            "roblox",
            "rbxcdn"
          ],
          "domain_regex": [
            "(?i)(?:^|\\.)(?:rov|garena|aov|pubg|battlegrounds|igamecj|mlbb|mobilelegends|riot|lol|leagueoflegends|tft|riotcdn|steam|steampowered|steamcontent|steamstatic|roblox|rbxcdn)(?:\\.|$)"
          ]
        },
        {
          "groupid": "custom",
          "name": "STREAMING",
          "type": "",
          "or": true,
          "domain_suffix": [
            "netflix.com",
            "netflix.net",
            "nflxvideo.net",
            "video.google.com",
            "youtube.com",
            "googlevideo.com",
            "ytimg.com",
            "telegram.org",
            "t.me",
            "telegram-cdn.org",
            "tiktok.com",
            "tiktokcdn.com",
            "ibytedtos.com",
            "ibyteimg.com",
            "byteoversea.com"
          ],
          "domain": [
            "video.google.com"
          ],
          "domain_keyword": [
            "youtube",
            "netflix",
            "twitch",
            "m3u8",
            "hls",
            "primevideo",
            "disney",
            "hotstar",
            "spotify",
            "apple",
            "telegram",
            "tiktok"
          ],
          "domain_regex": [
            "(?i)(?:^|\\.)(?:youtube|netflix|twitch|m3u8|hls|primevideo|disney|hotstar|spotify|apple|telegram|tiktok)(?:\\.|$)"
          ]
        },
        {
          "groupid": "custom",
          "name": "BatteryExit",
          "type": "",
          "or": true,
          "domain_regex": [
            "(?i)(m3u8|hls|manifest|dash|live|cdn|media|akamai|cloudfront)"
          ]
        },
        {
          "groupid": "custom",
          "name": "BatterySaver",
          "type": "",
          "or": true,
          "domain_keyword": [
            "*"
          ],
          "domain_regex": [
            ".*"
          ]
        },
        {
          "groupid": "custom",
          "name": "BALANCED",
          "type": "",
          "or": true,
          "domain_keyword": [
            "*"
          ],
          "domain_regex": [
            ".*"
          ]
        }
      ]
    },
    {
      "groupid": "22e432a4-debf-4c65-9f8b-9cafc1cdc6b2",
      "urlOrPath": "",
      "remark": "verver_last",
      "editAble": false,
      "groups": []
    },
    {
      "groupid": "16746a9f-2441-4f7f-8db3-165790b09b20",
      "urlOrPath": "/data/user/0/com.nebula.karing/cache/file_picker/1758681166019/singbox_1.6.0_4modes.json",
      "remark": "singbox_1.6.0_4modes.json",
      "editAble": false,
      "groups": []
    },
    {
      "groupid": "d7c1d9c1-4a02-449b-a487-c7ae4a604537",
      "urlOrPath": "/data/user/0/com.nebula.karing/cache/file_picker/1758681292302/singbox_1.6.1_4modes.json",
      "remark": "singbox_1.6.1_4modes.json",
      "editAble": false,
      "groups": []
    }
  ],
  "rule_set_items": [
    {
      "tag": "https://raw.githubusercontent.com/lnw007xyz/File/main/singbox_1.6.1_rules_only.json",
      "type": "remote",
      "format": "source",
      "url": "https://raw.githubusercontent.com/lnw007xyz/File/main/singbox_1.6.1_rules_only.json",
      "update_interval": "24h"
    }
  ]
}