{
  "language_tag": "en",
  "region_code": "TH",
  "novice": false,
  "ui": {
    "theme": "dark",
    "auto_orientation": false,
    "hide_dock_icon": false,
    "exclude_from_recent": false,
    "wake_lock": true,
    "hide_vpn": false,
    "disable_font_scaler": false,
    "hide_after_launch": true,
    "net_check_domain": "www.opensignal.com",
    "diversion_rule_detect_domain": "gsb.com",
    "tv_mode": false
  },
  "ui_screen": {
    "widgets": [
      "run_time_info",
      "connections_info",
      "traffic_total_info",
      "traffic_speed_info",
      "profile_sub_traffic_info",
      "outbound_mode",
      "my_profiles",
      "add_profile",
      "perapp",
      "diversion",
      "diversion_rules",
      "net_check",
      "speed_test",
      "memory_info",
      "tun",
      "html_board"
    ],
    "widgets_alpha": 255,
    "hide_invalid_server_my_profiles": false,
    "hide_invalid_server_select_server": false,
    "hide_invalid_server_diversion_rules": false,
    "sort_server_my_profiles": false,
    "sort_server_select_server": false,
    "sort_server_diversion_rules": false,
    "select_server_hide_recommand": false,
    "select_server_hide_recent": false,
    "select_server_hide_fav": false,
    "hide_unused_diversion_group": true,
    "my_link": "https://drive.google.com/uc?export=download&id=1Qmo-SElV1oEWnJwZw2J4gM7e7zqGzzY4",
    "background_image_type": "remote",
    "background_image": "https://drive.google.com/uc?export=download&id=1epxQpspxLuvyM6tGH-tC35sFrYCN6qeP",
    "background_image_local": "/data/user/0/com.nebula.karing/cache/file_picker/1758511807095/448363598_459125803431398_7420371214897945888_n..jpg"
  },
  "ntp": {
    "enable": false,
    "server": "time.windows.com"
  },
  "proxy": {
    "enable_cluster": false,
    "host": "0.0.0.0",
    "cluster_host": "127.0.0.1",
    "mixed_port": 3067,
    "mixed_direct_port": 3065,
    "mixed_forword_port": 3066,
    "control_port": 3057,
    "cluster_port": 3050,
    "auto_set_system_proxy": true,
    "system_proxy_bypass_domain": [
      "<-loopback>",
      "<local>",
      "localhost",
      "*.local",
      "127.*",
      "10.*",
      "172.16.*",
      "172.17.*",
      "172.18.*",
      "172.19.*",
      "172.2*",
      "172.30.*",
      "172.31.*",
      "192.168.*"
    ],
    "disconnect_when_quit": false
  },
  "tun": {
    "enable": true,
    "stack": "gvisor",
    "udp_timeout": 300,
    "i4_address": "10.20.0.1",
    "mtu": 1460,
    "auto_route": true,
    "strict_route": false,
    "allow_bypass": false,
    "append_http_proxy": false,
    "allow_bypass_httpproxy_domains": [
      "<-loopback>",
      "<local>",
      "localhost",
      "*.local",
      "127.*",
      "10.*",
      "172.16.*",
      "172.17.*",
      "172.18.*",
      "172.19.*",
      "172.2*",
      "172.30.*",
      "172.31.*",
      "192.168.*"
    ],
    "hijack_dns": true,
    "loopback_address": ""
  },
  "dns": {
    "ttl": 43200,
    "enable_rule": false,
    "test_domain": "gstatic.com",
    "enable_client_subnet": true,
    "enable_inbound_domain_resolve": false,
    "enable_static_ip": false,
    "proxy_resolve_mode": "fakeip",
    "resolver_addresses": [
      "udp://208.67.220.220",
      "udp://208.67.222.222",
      "udp://94.140.15.15",
      "udp://94.140.14.14",
      "udp://8.8.8.8",
      "udp://8.8.4.4",
      "h3://8.8.8.8/dns-query"
    ],
    "outbound_addresses": [
      "udp://223.6.6.6",
      "udp://208.67.220.220",
      "udp://208.67.222.222",
      "udp://94.140.15.15",
      "udp://94.140.14.14",
      "udp://8.8.8.8",
      "udp://8.8.4.4",
      "https://223.5.5.5/dns-query",
      "https://dns.alidns.com/dns-query",
      "h3://8.8.8.8/dns-query"
    ],
    "direct_addresses": [
      "udp://223.6.6.6",
      "udp://208.67.220.220",
      "udp://208.67.222.222",
      "udp://94.140.15.15",
      "udp://94.140.14.14",
      "udp://8.8.8.8",
      "udp://8.8.4.4",
      "https://223.5.5.5/dns-query",
      "https://dns.alidns.com/dns-query",
      "h3://8.8.8.8/dns-query"
    ],
    "proxy_addresses": [
      "https://223.5.5.5/dns-query",
      "https://dns.alidns.com/dns-query",
      "h3://8.8.8.8/dns-query",
      "https://dns.google/dns-query",
      "tls://8.8.4.4",
      "https://223.6.6.6/dns-query",
      "https://8.8.4.4/dns-query",
      "tls://223.6.6.6",
      "https://8.8.8.8/dns-query",
      "quic://dns.adguard.com"
    ],
    "client_subnet": "49.230.46.235",
    "client_subnet_latest_update": "2025-09-24 12:34:00.407131",
    "static_ips": {},
    "list": []
  },
  "tls": {
    "enable_insecure": false,
    "enable_fragment": false,
    "fragment_size": "100-200",
    "fragment_sleep": "10-20",
    "enable_mixed_case_sni": false,
    "enable_padding": false,
    "padding_size": "1-1500"
  },
  "mux": {
    "enable": false,
    "padding": false,
    "protocol": "h2mux",
    "max_streams": 8,
    "outbound_types": []
  },
  "rule_sets": {
    "enable_geosite": false,
    "enable_geoip": false,
    "enable_acl": false,
    "auto_append_region_geosite": false,
    "auto_append_region_geoip": false,
    "use_remote_geosite": false,
    "use_remote_geoip": false,
    "use_remote_acl": false,
    "update_interval": 3600,
    "disable_custom_diversion_group": false,
    "disable_isp_diversion_group": false
  },
  "perapp": {
    "enable": false,
    "is_include": true,
    "list_android": [],
    "list_macos": [],
    "hide_system_app": true,
    "hide_app_icon": false
  },
  "auto_select": {
    "interval": 28800,
    "prioritize_my_fav": false,
    "filter": false,
    "limited_num": 2000,
    "selected_health_check_interval": null,
    "retest_if_network_udpate": true,
    "update_current_server_after_manual_urltest": true,
    "ignore_perproxy_server": false
  },
  "warp": {
    "license": ""
  },
  "webdav": {
    "url": "",
    "user": "",
    "password": ""
  },
  "auto_backup": {
    "add_profile": true,
    "remove_profile": false
  },
  "ads": {
    "banner_enable": false,
    "banner_reward_ad_expire": "",
    "banner_share_expire": ""
  },
  "auto_connect_after_launch": true,
  "ip_strategy": "ipv4_only",
  "proxy_all": false,
  "front_proxy": [],
  "private_direct": false,
  "quit_when_switch_systemUser": false,
  "alway_on": false,
  "disconnect_after_sleep_seconds": 1800,
  "disable_ua_report": false,
  "user_agents": [],
  "speed_test_list": [],
  "speed_test": "https://speed.cloudflare.com/",
  "url_test_list": [],
  "url_test_timeout": 8,
  "url_test": "https://www.gstatic.com/generate_204",
  "latency_check_resolve_ip": true,
  "auto_update_channel": "beta",
  "origin_sb_profile": "",
  "html_board_port": 3072
}